{"name": "model_17", "units": 80, "dropout": 0.2, "optimizer": "adadelta", "epochs": 120, "test_accuracy": 95.5067920585162, "test_loss": 0.1290791161015801, "time": 3.9852900822957356, "accuracy": 0.8333333333333334, "cohens_kappa": 0.75, "f1_micro": 0.8333333333333334, "f1_macro": 0.8332054560954817, "precision_micro": 0.8333333333333334, "precision_macro": 0.8602564102564103, "recall_micro": 0.8333333333333334, "recall_macro": 0.8333333333333334}