{"accuracy": 0.75, "cohens_kappa": 0.625, "f1_macro": 0.7349429733875809, "f1_micro": 0.75, "precision_macro": 0.8055555555555555, "precision_micro": 0.75, "recall_macro": 0.75, "recall_micro": 0.75}