{"accuracy": 0.55, "cohens_kappa": 0.32499999999999996, "f1_macro": 0.5505053908355795, "f1_micro": 0.55, "precision_macro": 0.6025252525252526, "precision_micro": 0.55, "recall_macro": 0.5499999999999999, "recall_micro": 0.55}