{"accuracy": 0.65, "cohens_kappa": 0.475, "f1_macro": 0.6374859708193042, "f1_micro": 0.65, "precision_macro": 0.8076923076923078, "precision_micro": 0.65, "recall_macro": 0.65, "recall_micro": 0.65}