{"name": "model_3", "units": 50, "dropout": 0.2, "optimizer": "adadelta", "epochs": 50, "test_accuracy": 95.29780563640496, "test_loss": 0.13916563800104984, "time": 1.6818949977556865, "accuracy": 0.8333333333333334, "cohens_kappa": 0.75, "f1_micro": 0.8333333333333334, "f1_macro": 0.8296475392220074, "precision_micro": 0.8333333333333334, "precision_macro": 0.8635802469135802, "recall_micro": 0.8333333333333334, "recall_macro": 0.8333333333333334}