{"name": "model_28", "units": 100, "dropout": 0.2, "optimizer": "adadelta", "epochs": 100, "test_accuracy": 95.97701149425288, "test_loss": 0.1256961331565552, "time": 5.505230474472046, "accuracy": 0.8333333333333334, "cohens_kappa": 0.75, "f1_micro": 0.8333333333333334, "f1_macro": 0.8317020206882534, "precision_micro": 0.8333333333333334, "precision_macro": 0.8609486679662117, "recall_micro": 0.8333333333333334, "recall_macro": 0.8333333333333334}