{"accuracy": 0.8, "cohens_kappa": 0.7, "f1_macro": 0.7974705033528563, "f1_micro": 0.8000000000000002, "precision_macro": 0.8170995670995671, "precision_micro": 0.8, "recall_macro": 0.7999999999999999, "recall_micro": 0.8}