{"name": "model_1", "units": 50, "dropout": 0.2, "optimizer": "adam", "epochs": 100, "test_accuracy": 97.83459429855357, "test_loss": 0.1410614729370497, "time": 11.339149987697601, "accuracy": 0.8333333333333334, "cohens_kappa": 0.75, "f1_micro": 0.8333333333333334, "f1_macro": 0.8200757575757575, "precision_micro": 0.8333333333333334, "precision_macro": 0.8472222222222222, "recall_micro": 0.8333333333333334, "recall_macro": 0.8333333333333334}