{"name": "model_26", "units": 120, "dropout": 0.3, "optimizer": "adadelta", "epochs": 100, "test_accuracy": 97.3910774849987, "test_loss": 0.1641312593606585, "time": 12.15457882086436, "accuracy": 0.8333333333333334, "cohens_kappa": 0.75, "f1_micro": 0.8333333333333334, "f1_macro": 0.8326272761055371, "precision_micro": 0.8333333333333334, "precision_macro": 0.8529464687359424, "recall_micro": 0.8333333333333334, "recall_macro": 0.8333333333333334}