{"accuracy": 0.6166666666666667, "cohens_kappa": 0.42500000000000004, "f1_macro": 0.5931079502508073, "f1_micro": 0.6166666666666667, "precision_macro": 0.6779556650246304, "precision_micro": 0.6166666666666667, "recall_macro": 0.6166666666666667, "recall_micro": 0.6166666666666667}