{"accuracy": 0.5, "cohens_kappa": 0.25, "f1_macro": 0.4948428079242033, "f1_micro": 0.5, "precision_macro": 0.515024154589372, "precision_micro": 0.5, "recall_macro": 0.5, "recall_micro": 0.5}