{"accuracy": 0.7166666666666667, "cohens_kappa": 0.575, "f1_macro": 0.7058823529411765, "f1_micro": 0.7166666666666667, "precision_macro": 0.7764572722127899, "precision_micro": 0.7166666666666667, "recall_macro": 0.7166666666666667, "recall_micro": 0.7166666666666667}