{"n_components": 3, "doc_topic_prior": [0.05, 0.2, 0.5], "topic_word_prior": [0.1, 0.2, 0.5], "final_params": {"doc_topic_prior": 0.1, "topic_word_prior": 0.4}, "LogLikelihood": -143632.99475149656, "Perplexity": 347.4816056998313, "clustering": {"leacock": 1.1659627410099895, "wu_palmer": 0.27607292179636994, "fasttext": 0.8912467956542969}, "prediction": {"leacock": 1.230937689720593, "wu_palmer": 0.2881410711685238, "fasttext": 0.899247944355011}, "pattern_mining": {"leacock": 1.2470381933311294, "wu_palmer": 0.2860694328234551, "fasttext": 0.8985976576805115}, "accuracy": 0.7, "cohens_kappa": 0.55, "f1_macro": 0.703045903045903, "f1_micro": 0.7, "precision_macro": 0.7316526610644258, "precision_micro": 0.7, "recall_macro": 0.6999999999999998, "recall_micro": 0.7}